sample,method,forward_ms,peak_allocated_mb,psnr_linear_db,ssim_linear,sharp_features,output_features,matches,correct_matches,match_precision,sharp_recovery
000001,raw,0.0,0.0,22.42285365076555,0.40685954689979553,485,458,3,1,0.3333333333333333,0.002061855670103093
000041,raw,0.0,0.0,24.217246234290343,0.5114837288856506,477,483,1,0,0.0,0.0
000081,raw,0.0,0.0,33.05192183368692,0.8277284502983093,472,479,0,0,,0.0
000121,raw,0.0,0.0,17.206653931535318,0.1892315149307251,485,472,1,0,0.0,0.0
000161,raw,0.0,0.0,21.634401940518128,0.39511024951934814,458,471,3,0,0.0,0.0
000201,raw,0.0,0.0,17.20171170518062,0.2004901021718979,475,473,9,0,0.0,0.0
000241,raw,0.0,0.0,18.840339581536483,0.27928289771080017,481,105,4,0,0.0,0.0
000281,raw,0.0,0.0,20.895680377522766,0.46171391010284424,485,6,4,0,0.0,0.0
000321,raw,0.0,0.0,14.559901392468804,0.2703694999217987,481,286,4,0,0.0,0.0
000361,raw,0.0,0.0,23.52114897346144,0.43429961800575256,480,273,3,0,0.0,0.0
000401,raw,0.0,0.0,23.577174965121827,0.3583928346633911,485,463,1,0,0.0,0.0
000441,raw,0.0,0.0,17.515908399365863,0.33119258284568787,482,469,7,0,0.0,0.0
000481,raw,0.0,0.0,16.52297777098611,0.35163354873657227,463,136,4,0,0.0,0.0
000521,raw,0.0,0.0,16.60668465349397,0.22389991581439972,489,70,3,0,0.0,0.0
000561,raw,0.0,0.0,16.431244548435497,0.3280472755432129,481,386,3,0,0.0,0.0
000601,raw,0.0,0.0,18.220314014452498,0.2539421319961548,488,144,1,0,0.0,0.0
000001,gyro,61.559800000395626,144.37939453125,28.934325075138073,0.7778172492980957,485,496,82,67,0.8170731707317073,0.13814432989690723
000041,gyro,61.13109999569133,144.37939453125,32.270831695193294,0.8417407870292664,477,494,91,71,0.7802197802197802,0.1488469601677149
000081,gyro,64.78660000720993,144.37939453125,41.66788856756503,0.9473066329956055,472,86,5,2,0.4,0.00423728813559322
000121,gyro,60.89859997155145,144.37939453125,22.825790652706303,0.653557538986206,485,493,73,56,0.7671232876712328,0.1154639175257732
000161,gyro,67.22240001545288,144.37939453125,29.367594161266915,0.7886138558387756,458,487,60,46,0.7666666666666667,0.10043668122270742
000201,gyro,64.57349998527206,144.37939453125,25.969100156913246,0.8158237338066101,475,314,66,50,0.7575757575757576,0.10526315789473684
000241,gyro,60.79580000368878,144.37939453125,23.27512856056436,0.694544792175293,481,491,19,10,0.5263157894736842,0.02079002079002079
000281,gyro,60.81840000115335,144.37939453125,24.449379339336318,0.7777615189552307,485,406,56,41,0.7321428571428571,0.08453608247422681
000321,gyro,61.048900010064244,144.37939453125,22.601980432132514,0.7259672284126282,481,491,55,32,0.5818181818181818,0.06652806652806653
000361,gyro,60.70430000545457,144.37939453125,28.184989080827595,0.7707481384277344,480,489,46,18,0.391304347826087,0.0375
000401,gyro,65.53529997472651,144.37939453125,29.159386906506768,0.7396044135093689,485,499,69,60,0.8695652173913043,0.12371134020618557
000441,gyro,60.78689999412745,144.37939453125,22.585768598790494,0.7379983067512512,482,287,45,12,0.26666666666666666,0.024896265560165973
000481,gyro,60.743500012904406,144.37939453125,29.354899881054976,0.8985769152641296,463,170,37,23,0.6216216216216216,0.04967602591792657
000521,gyro,61.18930000229739,144.37939453125,24.34662603182327,0.8105711340904236,489,491,40,25,0.625,0.05112474437627812
000561,gyro,60.72509998921305,144.37939453125,26.51458345264185,0.6618922352790833,481,497,47,37,0.7872340425531915,0.07692307692307693
000601,gyro,65.76029999996535,144.37939453125,23.387658151677115,0.68719482421875,488,498,77,56,0.7272727272727273,0.11475409836065574
000001,reconstructed_diagnostic,60.69069998920895,144.37939453125,29.0713588126992,0.7819593548774719,485,495,85,64,0.7529411764705882,0.13195876288659794
000041,reconstructed_diagnostic,60.76240001129918,144.37939453125,32.45116455270394,0.8433966636657715,477,493,94,72,0.7659574468085106,0.1509433962264151
000081,reconstructed_diagnostic,61.23429999570362,144.37939453125,42.13584694982674,0.9503628611564636,472,97,7,4,0.5714285714285714,0.00847457627118644
000121,reconstructed_diagnostic,60.67740000435151,144.37939453125,23.312696383186385,0.6731037497520447,485,495,77,61,0.7922077922077922,0.12577319587628866
000161,reconstructed_diagnostic,60.8586999878753,144.37939453125,29.588830234114955,0.7925439476966858,458,480,64,53,0.828125,0.11572052401746726
000201,reconstructed_diagnostic,60.69860002025962,144.37939453125,25.93383588767103,0.8150631785392761,475,318,70,52,0.7428571428571429,0.10947368421052632
000241,reconstructed_diagnostic,61.12110000685789,144.37939453125,23.289955462206436,0.6955334544181824,481,492,19,10,0.5263157894736842,0.02079002079002079
000281,reconstructed_diagnostic,61.04770000092685,144.37939453125,24.38439915331068,0.7754230499267578,485,422,54,42,0.7777777777777778,0.0865979381443299
000321,reconstructed_diagnostic,60.80750000546686,144.37939453125,22.728849631653453,0.7305087447166443,481,491,50,30,0.6,0.062370062370062374
000361,reconstructed_diagnostic,60.64410001272336,144.37939453125,28.52315372022547,0.7810344696044922,480,489,40,20,0.5,0.041666666666666664
000401,reconstructed_diagnostic,61.690100003033876,144.37939453125,29.00281259982485,0.7363460659980774,485,499,71,64,0.9014084507042254,0.13195876288659794
000441,reconstructed_diagnostic,60.90459998813458,144.37939453125,23.609452499851315,0.7851898074150085,482,264,43,19,0.4418604651162791,0.03941908713692946
000481,reconstructed_diagnostic,60.70300002465956,144.37939453125,29.351245318065203,0.8980628848075867,463,165,36,22,0.6111111111111112,0.047516198704103674
000521,reconstructed_diagnostic,60.84749998990446,144.37939453125,24.439815028181346,0.8119519352912903,489,492,34,18,0.5294117647058824,0.03680981595092025
000561,reconstructed_diagnostic,60.92019999050535,144.37939453125,26.961545548597314,0.6823219656944275,481,497,46,37,0.8043478260869565,0.07692307692307693
000601,reconstructed_diagnostic,61.2464000005275,144.37939453125,23.395018924374142,0.6874899864196777,488,497,74,57,0.7702702702702703,0.1168032786885246
000001,scale_0,60.76069999835454,144.37939453125,22.751270979832658,0.46229541301727295,485,348,3,0,0.0,0.0
000041,scale_0,60.74169999919832,144.37939453125,28.544244178218158,0.7415716052055359,477,491,34,19,0.5588235294117647,0.039832285115303984
000081,scale_0,79.13080000435002,144.37939453125,33.18497454127825,0.8811540603637695,472,29,0,0,,0.0
000121,scale_0,60.79160000081174,144.37939453125,22.169440356062392,0.6244192123413086,485,495,44,26,0.5909090909090909,0.05360824742268041
000161,scale_0,60.6942999875173,144.37939453125,19.246869404888088,0.5258057713508606,458,223,5,0,0.0,0.0
000201,scale_0,60.72960002347827,144.37939453125,15.432941758988951,0.500024139881134,475,310,15,0,0.0,0.0
000241,scale_0,65.75109998811968,144.37939453125,19.4263714130938,0.48309507966041565,481,69,2,0,0.0,0.0
000281,scale_0,65.16979998559691,144.37939453125,19.64639677727218,0.5693663954734802,485,39,3,0,0.0,0.0
000321,scale_0,61.06429998180829,144.37939453125,20.40762443346459,0.6665664315223694,481,451,36,11,0.3055555555555556,0.02286902286902287
000361,scale_0,60.811699979240075,144.37939453125,24.584595786134848,0.6518299579620361,480,137,3,0,0.0,0.0
000401,scale_0,91.35070000775158,144.37939453125,23.817120436990812,0.40530601143836975,485,253,4,0,0.0,0.0
000441,scale_0,61.153799993917346,144.37939453125,19.010589856160934,0.6033642888069153,482,147,7,0,0.0,0.0
000481,scale_0,60.92690001241863,144.37939453125,16.662376548989087,0.6348192095756531,463,26,2,0,0.0,0.0
000521,scale_0,63.17400000989437,144.37939453125,16.824684456092623,0.5772538185119629,489,125,0,0,,0.0
000561,scale_0,61.051600001519546,144.37939453125,20.76233632944186,0.4082238972187042,481,287,1,0,0.0,0.0
000601,scale_0,60.77430001460016,144.37939453125,18.25288629589645,0.3592076301574707,488,427,0,0,,0.0
000001,scale_0.5,61.02720001945272,144.37939453125,23.828232116980157,0.5687089562416077,485,497,13,1,0.07692307692307693,0.002061855670103093
000041,scale_0.5,60.685700009344146,144.37939453125,31.610862539751135,0.8239781260490417,477,495,76,59,0.7763157894736842,0.12368972746331237
000081,scale_0.5,65.78439997974783,144.37939453125,33.32205736627769,0.8798940181732178,472,63,1,0,0.0,0.0
000121,scale_0.5,60.797100013587624,144.37939453125,23.231197865635615,0.6670829653739929,485,493,66,49,0.7424242424242424,0.10103092783505155
000161,scale_0.5,66.40680000418797,144.37939453125,26.641008437757712,0.7565493583679199,458,489,40,20,0.5,0.043668122270742356
000201,scale_0.5,60.72489998769015,144.37939453125,23.9759118170045,0.764336347579956,475,306,63,28,0.4444444444444444,0.05894736842105263
000241,scale_0.5,66.2945999938529,144.37939453125,19.013147516346244,0.46379217505455017,481,292,3,0,0.0,0.0
000281,scale_0.5,60.81339999218471,144.37939453125,24.121962084300357,0.7536198496818542,485,404,56,29,0.5178571428571429,0.05979381443298969
000321,scale_0.5,76.96939999004826,144.37939453125,22.29901093629627,0.720755398273468,481,487,55,27,0.4909090909090909,0.056133056133056136
000361,scale_0.5,60.724399983882904,144.37939453125,25.215544327617245,0.6431715488433838,480,497,22,0,0.0,0.0
000401,scale_0.5,60.72099998709746,144.37939453125,22.999865054400487,0.38043689727783203,485,496,10,0,0.0,0.0
000441,scale_0.5,61.13990000449121,144.37939453125,21.884771093864757,0.5757378935813904,482,255,34,8,0.23529411764705882,0.016597510373443983
000481,scale_0.5,74.04740000492893,144.37939453125,27.46780046506716,0.8726606965065002,463,136,26,12,0.46153846153846156,0.02591792656587473
000521,scale_0.5,60.87509999633767,144.37939453125,16.83616846508585,0.5764583945274353,489,264,8,0,0.0,0.0
000561,scale_0.5,60.67370000528172,144.37939453125,25.758946637000562,0.6263337135314941,481,495,27,11,0.4074074074074074,0.02286902286902287
000601,scale_0.5,60.88940001791343,144.37939453125,19.13293142484285,0.4308044910430908,488,495,4,0,0.0,0.0
000001,scale_0.75,60.79439999302849,144.37939453125,28.66273636255379,0.7697288393974304,485,496,87,64,0.735632183908046,0.13195876288659794
000041,scale_0.75,62.28179999743588,144.37939453125,32.20870062647476,0.8378955721855164,477,495,81,67,0.8271604938271605,0.14046121593291405
000081,scale_0.75,60.70010000257753,144.37939453125,41.02794195334313,0.9440563321113586,472,74,7,1,0.14285714285714285,0.00211864406779661
000121,scale_0.75,66.48270000005141,144.37939453125,23.14006734384916,0.6651181578636169,485,494,75,54,0.72,0.11134020618556702
000161,scale_0.75,65.17790001817048,144.37939453125,29.397480693678226,0.7867529988288879,458,487,58,44,0.7586206896551724,0.09606986899563319
000201,scale_0.75,60.927200014702976,144.37939453125,25.39248555036728,0.8014100193977356,475,319,67,40,0.5970149253731343,0.08421052631578947
000241,scale_0.75,61.09600001946092,144.37939453125,22.844021994423915,0.6696744561195374,481,493,6,3,0.5,0.006237006237006237
000281,scale_0.75,60.77400001231581,144.37939453125,24.530764100786918,0.7784115672111511,485,418,65,51,0.7846153846153846,0.10515463917525773
000321,scale_0.75,69.80709999334067,144.37939453125,22.556097555874942,0.7243297696113586,481,489,52,34,0.6538461538461539,0.07068607068607069
000361,scale_0.75,65.65319999936037,144.37939453125,27.139086133072684,0.7278520464897156,480,493,32,6,0.1875,0.0125
000401,scale_0.75,60.72410001070239,144.37939453125,28.540532415498518,0.7178964614868164,485,499,49,43,0.8775510204081632,0.088659793814433
000441,scale_0.75,68.45419999444857,144.37939453125,23.511249768964944,0.7459330558776855,482,325,43,20,0.46511627906976744,0.04149377593360996
000481,scale_0.75,60.73150000884198,144.37939453125,29.141354399331387,0.897619903087616,463,166,33,22,0.6666666666666666,0.047516198704103674
000521,scale_0.75,60.86570001207292,144.37939453125,24.046084795750748,0.799688994884491,489,493,24,13,0.5416666666666666,0.026584867075664622
000561,scale_0.75,62.0684000023175,144.37939453125,26.604245174767307,0.6650490164756775,481,496,43,33,0.7674418604651163,0.06860706860706861
000601,scale_0.75,61.15009999484755,144.37939453125,22.421638104982463,0.6409951448440552,488,499,58,39,0.6724137931034483,0.07991803278688525
000001,scale_1.25,62.374800007091835,144.37939453125,28.611710204867823,0.7655894756317139,485,497,78,62,0.7948717948717948,0.12783505154639174
000041,scale_1.25,60.95039998763241,144.37939453125,31.842213888721474,0.8316337466239929,477,489,83,57,0.6867469879518072,0.11949685534591195
000081,scale_1.25,60.94319999101572,144.37939453125,42.05614709405496,0.9473442435264587,472,80,4,2,0.5,0.00423728813559322
000121,scale_1.25,64.70259997877292,144.37939453125,22.464270352212257,0.6385003924369812,485,496,65,49,0.7538461538461538,0.10103092783505155
000161,scale_1.25,60.77650000224821,144.37939453125,28.72878765920223,0.7769328951835632,458,481,51,39,0.7647058823529411,0.0851528384279476
000201,scale_1.25,60.82439998863265,144.37939453125,25.758049193134728,0.8125157952308655,475,313,67,40,0.5970149253731343,0.08421052631578947
000241,scale_1.25,60.84469999768771,144.37939453125,23.027457895104625,0.6853721737861633,481,495,22,13,0.5909090909090909,0.02702702702702703
000281,scale_1.25,62.82419999479316,144.37939453125,24.02683662487582,0.7590596079826355,485,337,40,27,0.675,0.05567010309278351
000321,scale_1.25,61.081499996362254,144.37939453125,22.245340039935343,0.7263967394828796,481,492,51,29,0.5686274509803921,0.060291060291060294
000361,scale_1.25,62.73959999089129,144.37939453125,26.795887530901762,0.7223899960517883,480,493,26,8,0.3076923076923077,0.016666666666666666
000401,scale_1.25,61.21650000568479,144.37939453125,29.08252398509664,0.7368793487548828,485,499,62,50,0.8064516129032258,0.10309278350515463
000441,scale_1.25,64.15439999545924,144.37939453125,19.73203703225494,0.7183961868286133,482,280,32,0,0.0,0.0
000481,scale_1.25,61.59789999946952,144.37939453125,29.344085667374262,0.8978931903839111,463,168,34,23,0.6764705882352942,0.04967602591792657
000521,scale_1.25,60.80550001934171,144.37939453125,24.072988757520374,0.8026266694068909,489,495,30,17,0.5666666666666667,0.034764826175869123
000561,scale_1.25,62.946699996246025,144.37939453125,25.59705442313346,0.6320240497589111,481,497,40,23,0.575,0.04781704781704782
000601,scale_1.25,67.57479999214411,144.37939453125,22.932300251332954,0.6679485440254211,488,500,62,45,0.7258064516129032,0.09221311475409837
000001,scale_1.5,61.094600008800626,144.37939453125,28.11204659931498,0.737644374370575,485,493,61,49,0.8032786885245902,0.10103092783505155
000041,scale_1.5,60.94229998416267,144.37939453125,30.530863940362224,0.7978873252868652,477,489,67,45,0.6716417910447762,0.09433962264150944
000081,scale_1.5,66.24859999283217,144.37939453125,41.997856105071804,0.9456338286399841,472,82,5,1,0.2,0.00211864406779661
000121,scale_1.5,60.83719999878667,144.37939453125,15.206973739445518,0.23420165479183197,485,489,12,0,0.0,0.0
000161,scale_1.5,60.88539998745546,144.37939453125,28.270023480052014,0.7633357048034668,458,485,48,31,0.6458333333333334,0.06768558951965066
000201,scale_1.5,80.17129998188466,144.37939453125,24.995562937725893,0.7933582663536072,475,291,60,38,0.6333333333333333,0.08
000241,scale_1.5,62.46759998612106,144.37939453125,22.59386822629148,0.6633020043373108,481,493,11,3,0.2727272727272727,0.006237006237006237
000281,scale_1.5,60.74849999276921,144.37939453125,22.34188391169429,0.6616711616516113,485,113,7,2,0.2857142857142857,0.004123711340206186
000321,scale_1.5,60.75510001392104,144.37939453125,21.992929074521662,0.7109581828117371,481,491,46,27,0.5869565217391305,0.056133056133056136
000361,scale_1.5,60.97370001953095,144.37939453125,23.736777795159355,0.6159982681274414,480,498,6,0,0.0,0.0
000401,scale_1.5,64.4451999978628,144.37939453125,27.334165416846442,0.6575204730033875,485,497,33,21,0.6363636363636364,0.04329896907216495
000441,scale_1.5,65.88299997383729,144.37939453125,18.611741459142653,0.7101719975471497,482,311,38,0,0.0,0.0
000481,scale_1.5,63.142400002107024,144.37939453125,29.2228782866017,0.8942348957061768,463,182,31,19,0.6129032258064516,0.04103671706263499
000521,scale_1.5,60.735999984899536,144.37939453125,23.127614370692186,0.7785348892211914,489,459,37,13,0.35135135135135137,0.026584867075664622
000561,scale_1.5,92.4253000121098,144.37939453125,25.292087267821888,0.6217433214187622,481,496,37,18,0.4864864864864865,0.037422037422037424
000601,scale_1.5,63.38259999756701,144.37939453125,22.20874347604343,0.6317129731178284,488,499,54,39,0.7222222222222222,0.07991803278688525
000001,scale_-1,60.891600005561486,144.37939453125,21.17951883372374,0.4169262945652008,485,497,2,0,0.0,0.0
000041,scale_-1,61.036899976897985,144.37939453125,25.987402346131066,0.6560649275779724,477,492,40,7,0.175,0.014675052410901468
000081,scale_-1,60.81970001105219,144.37939453125,35.692597527634454,0.8956448435783386,472,40,3,0,0.0,0.0
000121,scale_-1,70.91810001293197,144.37939453125,21.279161557883914,0.5817026495933533,485,494,50,28,0.56,0.0577319587628866
000161,scale_-1,60.76100000063889,144.37939453125,19.741918986335524,0.5234806537628174,458,483,8,0,0.0,0.0
000201,scale_-1,60.80629999632947,144.37939453125,18.549721423750476,0.5679670572280884,475,149,11,0,0.0,0.0
000241,scale_-1,60.72320000384934,144.37939453125,20.588634999673353,0.5378808379173279,481,193,3,0,0.0,0.0
000281,scale_-1,60.830999980680645,144.37939453125,21.103453105020908,0.619784414768219,485,158,7,0,0.0,0.0
000321,scale_-1,60.78179998439737,144.37939453125,19.809460280555474,0.6690590977668762,481,493,40,8,0.2,0.016632016632016633
000361,scale_-1,64.15750001906417,144.37939453125,22.222234726234195,0.5736523270606995,480,373,3,0,0.0,0.0
000401,scale_-1,60.75370000326075,144.37939453125,25.196756020600752,0.5557836890220642,485,500,38,5,0.13157894736842105,0.010309278350515464
000441,scale_-1,60.74439999065362,144.37939453125,17.77702655701826,0.29544079303741455,482,179,24,0,0.0,0.0
000481,scale_-1,60.62229999224655,144.37939453125,25.803408648706107,0.8348878026008606,463,150,26,7,0.2692307692307692,0.01511879049676026
000521,scale_-1,60.74869999429211,144.37939453125,17.99183875442651,0.5942279696464539,489,334,6,0,0.0,0.0
000561,scale_-1,60.68470000172965,144.37939453125,20.118827917291085,0.3812919557094574,481,496,8,0,0.0,0.0
000601,scale_-1,60.6592999829445,144.37939453125,17.42620498575389,0.3347829282283783,488,495,0,0,,0.0
000001,rotate_5,61.112499999580905,144.37939453125,28.90182836300284,0.7765247821807861,485,494,87,69,0.7931034482758621,0.1422680412371134
000041,rotate_5,61.1473000026308,144.37939453125,32.24702480444067,0.8398178219795227,477,493,92,71,0.7717391304347826,0.1488469601677149
000081,rotate_5,60.97069999668747,144.37939453125,41.856438947106696,0.9480988383293152,472,90,9,2,0.2222222222222222,0.00423728813559322
000121,rotate_5,61.02610001107678,144.37939453125,22.869441172096813,0.6536465287208557,485,492,68,54,0.7941176470588235,0.11134020618556702
000161,rotate_5,69.95849998202175,144.37939453125,29.39684180155065,0.7888787388801575,458,485,55,43,0.7818181818181819,0.09388646288209607
000201,rotate_5,60.77969999751076,144.37939453125,25.92557271604941,0.8150883316993713,475,318,68,48,0.7058823529411765,0.10105263157894737
000241,rotate_5,61.170400003902614,144.37939453125,23.204379109584877,0.6906523108482361,481,490,16,7,0.4375,0.014553014553014554
000281,rotate_5,60.703700000885874,144.37939453125,24.56477823104652,0.7784147262573242,485,404,66,48,0.7272727272727273,0.09896907216494845
000321,rotate_5,61.068000009981915,144.37939453125,22.63156471488887,0.7276989817619324,481,487,51,31,0.6078431372549019,0.06444906444906445
000361,rotate_5,65.91470001148991,144.37939453125,27.490937236861313,0.7482821941375732,480,488,43,13,0.3023255813953488,0.027083333333333334
000401,rotate_5,63.952700002118945,144.37939453125,29.108451699645187,0.7374106049537659,485,499,68,60,0.8823529411764706,0.12371134020618557
000441,rotate_5,64.35329999658279,144.37939453125,22.026176751810354,0.7661202549934387,482,270,43,11,0.2558139534883721,0.022821576763485476
000481,rotate_5,60.95280000590719,144.37939453125,29.263516976039497,0.8985788822174072,463,167,37,25,0.6756756756756757,0.05399568034557235
000521,rotate_5,66.47319998592138,144.37939453125,24.11928970588361,0.8029467463493347,489,494,39,18,0.46153846153846156,0.03680981595092025
000561,rotate_5,62.17959997593425,144.37939453125,26.39212336742289,0.6588631272315979,481,498,49,29,0.5918367346938775,0.060291060291060294
000601,rotate_5,60.81090000225231,144.37939453125,22.835305109138528,0.6639618873596191,488,498,65,41,0.6307692307692307,0.08401639344262295
000001,rotate_15,65.81540001207031,144.37939453125,28.020175097852004,0.7514462471008301,485,495,79,58,0.7341772151898734,0.11958762886597939
000041,rotate_15,60.856099997181445,144.37939453125,31.82177315271072,0.8307132124900818,477,493,65,47,0.7230769230769231,0.09853249475890985
000081,rotate_15,61.34179999935441,144.37939453125,41.74400218549745,0.9479579925537109,472,85,6,1,0.16666666666666666,0.00211864406779661
000121,rotate_15,61.02719999034889,144.37939453125,21.765314274674292,0.6287974715232849,485,496,55,43,0.7818181818181819,0.088659793814433
000161,rotate_15,60.80989999463782,144.37939453125,28.22866043378476,0.7721263766288757,458,488,48,33,0.6875,0.07205240174672489
000201,rotate_15,67.65610000002198,144.37939453125,25.35965058934537,0.8027887344360352,475,306,63,49,0.7777777777777778,0.1031578947368421
000241,rotate_15,60.727300005964935,144.37939453125,22.78019687657922,0.6669877171516418,481,493,14,5,0.35714285714285715,0.010395010395010396
000281,rotate_15,60.802800027886406,144.37939453125,24.458665510820502,0.7705919742584229,485,353,63,36,0.5714285714285714,0.07422680412371134
000321,rotate_15,61.39299998176284,144.37939453125,22.616635856063546,0.7300301194190979,481,485,54,28,0.5185185185185185,0.058212058212058215
000361,rotate_15,86.78720000898466,144.37939453125,26.193933152297827,0.6981527209281921,480,492,25,2,0.08,0.004166666666666667
000401,rotate_15,60.81070000072941,144.37939453125,28.878094764966058,0.7264347672462463,485,499,60,52,0.8666666666666667,0.10721649484536082
000441,rotate_15,60.639800009084865,144.37939453125,19.735653709657733,0.5883539319038391,482,262,24,0,0.0,0.0
000481,rotate_15,60.92200000421144,144.37939453125,29.094494817423396,0.8964712619781494,463,169,43,26,0.6046511627906976,0.056155507559395246
000521,rotate_15,62.68840000848286,144.37939453125,22.893834231800962,0.7656197547912598,489,490,33,9,0.2727272727272727,0.018404907975460124
000561,rotate_15,64.21329997829162,144.37939453125,25.96930888406867,0.6494839191436768,481,495,45,28,0.6222222222222222,0.058212058212058215
000601,rotate_15,60.69730001036078,144.37939453125,20.722495972052798,0.5406654477119446,488,497,54,10,0.18518518518518517,0.020491803278688523
000001,noise_0.25_0,60.99950001225807,144.37939453125,28.89305132441333,0.7768389582633972,485,497,90,70,0.7777777777777778,0.14432989690721648
000041,noise_0.25_0,61.845699994591996,144.37939453125,32.27579439356292,0.842169463634491,477,494,89,71,0.797752808988764,0.1488469601677149
000081,noise_0.25_0,60.76359999133274,144.37939453125,41.44019730304355,0.9462687969207764,472,86,5,0,0.0,0.0
000121,noise_0.25_0,62.294799980008975,144.37939453125,22.552381460897596,0.6426565051078796,485,493,72,50,0.6944444444444444,0.10309278350515463
000161,noise_0.25_0,61.02729999111034,144.37939453125,28.873218406337987,0.7818796634674072,458,484,54,43,0.7962962962962963,0.09388646288209607
000201,noise_0.25_0,60.97859999863431,144.37939453125,25.965086853625607,0.8151405453681946,475,314,71,52,0.7323943661971831,0.10947368421052632
000241,noise_0.25_0,61.062199994921684,144.37939453125,23.06820825174078,0.6835272908210754,481,492,11,5,0.45454545454545453,0.010395010395010396
000281,noise_0.25_0,60.847399989143014,144.37939453125,24.43421455854609,0.7772409915924072,485,398,62,47,0.7580645161290323,0.09690721649484536
000321,noise_0.25_0,60.73200001264922,144.37939453125,22.313797933340336,0.7217628359794617,481,486,49,26,0.5306122448979592,0.05405405405405406
000361,noise_0.25_0,60.75009997584857,144.37939453125,28.19653352298395,0.7707813382148743,480,487,48,17,0.3541666666666667,0.035416666666666666
000401,noise_0.25_0,60.73700002161786,144.37939453125,29.14564047896929,0.738969624042511,485,499,67,58,0.8656716417910447,0.11958762886597939
000441,noise_0.25_0,60.770200012484565,144.37939453125,22.08046989201104,0.7224510312080383,482,316,48,12,0.25,0.024896265560165973
000481,noise_0.25_0,61.034200014546514,144.37939453125,29.28273203357505,0.8984336853027344,463,174,35,22,0.6285714285714286,0.047516198704103674
000521,noise_0.25_0,61.13410001853481,144.37939453125,24.25525807765784,0.8106123805046082,489,492,33,23,0.696969696969697,0.04703476482617587
000561,noise_0.25_0,60.688700003083795,144.37939453125,26.508669781048802,0.6620201468467712,481,497,55,43,0.7818181818181819,0.0893970893970894
000601,noise_0.25_0,61.060500011080876,144.37939453125,23.40895113323912,0.6878964304924011,488,497,73,55,0.7534246575342466,0.11270491803278689
000001,noise_0.25_1,66.45250000292435,144.37939453125,28.861139599277802,0.7753994464874268,485,496,87,69,0.7931034482758621,0.1422680412371134
000041,noise_0.25_1,66.39819999691099,144.37939453125,32.27007992730874,0.8413876891136169,477,492,96,73,0.7604166666666666,0.1530398322851153
000081,noise_0.25_1,60.99569998332299,144.37939453125,41.53342564626135,0.946456253528595,472,86,6,0,0.0,0.0
000121,noise_0.25_1,60.90769998263568,144.37939453125,22.635776274969743,0.6449235081672668,485,494,70,52,0.7428571428571429,0.10721649484536082
000161,noise_0.25_1,60.9239999903366,144.37939453125,29.281565719177202,0.7869221568107605,458,484,60,48,0.8,0.10480349344978165
000201,noise_0.25_1,60.99169998196885,144.37939453125,25.958169456720533,0.8157489895820618,475,316,71,53,0.7464788732394366,0.11157894736842106
000241,noise_0.25_1,60.724500013748184,144.37939453125,23.21758086026273,0.6918261647224426,481,492,17,7,0.4117647058823529,0.014553014553014554
000281,noise_0.25_1,61.25220001558773,144.37939453125,24.44962831739426,0.7769019603729248,485,409,58,47,0.8103448275862069,0.09690721649484536
000321,noise_0.25_1,60.62240002211183,144.37939453125,22.442075721188953,0.7229620814323425,481,492,56,32,0.5714285714285714,0.06652806652806653
000361,noise_0.25_1,64.20419999631122,144.37939453125,27.933932814492643,0.7633829116821289,480,491,42,13,0.30952380952380953,0.027083333333333334
000401,noise_0.25_1,63.32990000373684,144.37939453125,29.14360160066641,0.7390502095222473,485,499,71,59,0.8309859154929577,0.12164948453608247
000441,noise_0.25_1,61.022199981380254,144.37939453125,21.64646619996686,0.7183719277381897,482,309,50,13,0.26,0.026970954356846474
000481,noise_0.25_1,60.98280000151135,144.37939453125,29.18014943044975,0.8955433964729309,463,166,33,22,0.6666666666666666,0.047516198704103674
000521,noise_0.25_1,60.75780000537634,144.37939453125,24.190420993485322,0.8087832927703857,489,491,33,19,0.5757575757575758,0.03885480572597137
000561,noise_0.25_1,60.85969999548979,144.37939453125,26.32667993594772,0.6537895202636719,481,498,45,34,0.7555555555555555,0.07068607068607069
000601,noise_0.25_1,60.79709998448379,144.37939453125,23.423116140909315,0.6883583664894104,488,498,69,56,0.8115942028985508,0.11475409836065574
000001,noise_0.25_2,60.67030000849627,144.37939453125,28.99544807485114,0.780421257019043,485,496,88,69,0.7840909090909091,0.1422680412371134
000041,noise_0.25_2,60.66839999402873,144.37939453125,32.146853666627194,0.8408852219581604,477,496,83,59,0.7108433734939759,0.12368972746331237
000081,noise_0.25_2,60.76520000351593,144.37939453125,41.55546593948327,0.9469539523124695,472,86,6,2,0.3333333333333333,0.00423728813559322
000121,noise_0.25_2,60.9268999833148,144.37939453125,22.88509360099306,0.6552030444145203,485,493,70,53,0.7571428571428571,0.10927835051546392
000161,noise_0.25_2,60.762999986764044,144.37939453125,29.36959624252042,0.7888029217720032,458,488,61,45,0.7377049180327869,0.0982532751091703
000201,noise_0.25_2,60.89529997552745,144.37939453125,25.969441906558227,0.8158355355262756,475,315,67,51,0.7611940298507462,0.10736842105263159
000241,noise_0.25_2,82.21849999972619,144.37939453125,23.113160154003115,0.6860024929046631,481,493,18,6,0.3333333333333333,0.012474012474012475
000281,noise_0.25_2,64.69949998427182,144.37939453125,24.445924442165495,0.7770044803619385,485,377,65,50,0.7692307692307693,0.10309278350515463
000321,noise_0.25_2,65.01729998853989,144.37939453125,22.331082018938044,0.7215868830680847,481,485,46,26,0.5652173913043478,0.05405405405405406
000361,noise_0.25_2,60.79479999607429,144.37939453125,28.026377712903358,0.7655962109565735,480,490,42,15,0.35714285714285715,0.03125
000401,noise_0.25_2,60.942300013266504,144.37939453125,28.9734413422834,0.7344489097595215,485,498,72,59,0.8194444444444444,0.12164948453608247
000441,noise_0.25_2,60.70579998777248,144.37939453125,21.445272682078627,0.7129026055335999,482,306,49,11,0.22448979591836735,0.022821576763485476
000481,noise_0.25_2,60.70599998929538,144.37939453125,29.291119771671383,0.8982740044593811,463,175,36,23,0.6388888888888888,0.04967602591792657
000521,noise_0.25_2,60.65440000384115,144.37939453125,24.168882342204387,0.8079865574836731,489,493,39,21,0.5384615384615384,0.04294478527607362
000561,noise_0.25_2,65.57929998962209,144.37939453125,26.81418951524205,0.6740269660949707,481,498,52,39,0.75,0.08108108108108109
000601,noise_0.25_2,61.14679999882355,144.37939453125,23.412635414832067,0.688368022441864,488,498,72,58,0.8055555555555556,0.11885245901639344
000001,noise_1.0_0,60.68700001924299,144.37939453125,28.675427191330883,0.770945131778717,485,497,81,59,0.7283950617283951,0.12164948453608247
000041,noise_1.0_0,61.27899998682551,144.37939453125,32.2577674045295,0.842904269695282,477,495,94,72,0.7659574468085106,0.1509433962264151
000081,noise_1.0_0,60.77059998642653,144.37939453125,40.89754602827553,0.9422969222068787,472,52,6,1,0.16666666666666666,0.00211864406779661
000121,noise_1.0_0,61.819099995773286,144.37939453125,20.514895669176276,0.5575503706932068,485,492,45,20,0.4444444444444444,0.041237113402061855
000161,noise_1.0_0,76.45469999988563,144.37939453125,26.504978704332597,0.7356069684028625,458,484,40,19,0.475,0.04148471615720524
000201,noise_1.0_0,60.66550000105053,144.37939453125,25.94371204303787,0.8133538365364075,475,311,65,40,0.6153846153846154,0.08421052631578947
000241,noise_1.0_0,60.74109999462962,144.37939453125,22.1877289257749,0.6345175504684448,481,490,15,3,0.2,0.006237006237006237
000281,noise_1.0_0,60.788100003264844,144.37939453125,24.38941640285945,0.7747287154197693,485,358,63,47,0.746031746031746,0.09690721649484536
000321,noise_1.0_0,60.67950002034195,144.37939453125,20.798224361625692,0.6986003518104553,481,479,40,23,0.575,0.04781704781704782
000361,noise_1.0_0,61.199799994938076,144.37939453125,27.805994549787663,0.7526171803474426,480,488,39,6,0.15384615384615385,0.0125
000401,noise_1.0_0,60.675500018987805,144.37939453125,28.64410212903031,0.7236840128898621,485,498,67,60,0.8955223880597015,0.12371134020618557
000441,noise_1.0_0,60.791099997004494,144.37939453125,20.156799980192453,0.6354111433029175,482,290,42,0,0.0,0.0
000481,noise_1.0_0,60.85569999413565,144.37939453125,29.02536053995883,0.8950057029724121,463,163,42,26,0.6190476190476191,0.056155507559395246
000521,noise_1.0_0,65.95950000337325,144.37939453125,23.802385181931164,0.8025360107421875,489,487,31,19,0.6129032258064516,0.03885480572597137
000561,noise_1.0_0,63.6423000250943,144.37939453125,26.322405642321264,0.6574229598045349,481,497,44,34,0.7727272727272727,0.07068607068607069
000601,noise_1.0_0,60.82980000064708,144.37939453125,23.10378667948173,0.6740451455116272,488,497,76,54,0.7105263157894737,0.11065573770491803
000001,noise_1.0_1,60.80519998795353,144.37939453125,28.35590622104042,0.7560508251190186,485,496,77,57,0.7402597402597403,0.11752577319587629
000041,noise_1.0_1,62.469600001350045,144.37939453125,32.06855546278793,0.8357216715812683,477,489,80,57,0.7125,0.11949685534591195
000081,noise_1.0_1,65.44490001397207,144.37939453125,41.150666852810566,0.9434567093849182,472,73,4,0,0.0,0.0
000121,noise_1.0_1,61.03189999703318,144.37939453125,21.87228290133646,0.6040744185447693,485,492,72,42,0.5833333333333334,0.0865979381443299
000161,noise_1.0_1,60.78589998651296,144.37939453125,25.322368501674596,0.7065290808677673,458,486,53,25,0.4716981132075472,0.05458515283842795
000201,noise_1.0_1,60.73969998396933,144.37939453125,25.809373217916914,0.813115119934082,475,320,69,48,0.6956521739130435,0.10105263157894737
000241,noise_1.0_1,60.70439997711219,144.37939453125,21.696921140733064,0.6081374287605286,481,395,14,3,0.21428571428571427,0.006237006237006237
000281,noise_1.0_1,60.70170001476072,144.37939453125,24.050725358328954,0.7585191130638123,485,386,49,21,0.42857142857142855,0.04329896907216495
000321,noise_1.0_1,60.66479999572039,144.37939453125,21.67064581846436,0.70847487449646,481,491,44,21,0.4772727272727273,0.04365904365904366
000361,noise_1.0_1,61.08519999543205,144.37939453125,27.657110924049107,0.7531474232673645,480,491,48,26,0.5416666666666666,0.05416666666666667
000401,noise_1.0_1,60.79789999057539,144.37939453125,28.91184498612633,0.7313907742500305,485,499,62,54,0.8709677419354839,0.11134020618556702
000441,noise_1.0_1,70.05989999743178,144.37939453125,18.718621577961873,0.6443543434143066,482,294,45,0,0.0,0.0
000481,noise_1.0_1,60.69129999377765,144.37939453125,27.725553016896963,0.8627655506134033,463,169,27,12,0.4444444444444444,0.02591792656587473
000521,noise_1.0_1,60.740399989299476,144.37939453125,23.424271741279465,0.7909677028656006,489,495,34,15,0.4411764705882353,0.03067484662576687
000561,noise_1.0_1,60.76230001053773,144.37939453125,25.230233208227872,0.61336749792099,481,496,39,18,0.46153846153846156,0.037422037422037424
000601,noise_1.0_1,60.884400008944795,144.37939453125,23.052466753782355,0.668124258518219,488,498,68,54,0.7941176470588235,0.11065573770491803
000001,noise_1.0_2,61.045800015563145,144.37939453125,28.664854208031972,0.7709056735038757,485,495,77,62,0.8051948051948052,0.12783505154639174
000041,noise_1.0_2,66.07160001294687,144.37939453125,29.903619751224227,0.7938711047172546,477,490,63,48,0.7619047619047619,0.10062893081761007
000081,noise_1.0_2,60.76779999420978,144.37939453125,41.172007573632655,0.9456294178962708,472,87,9,2,0.2222222222222222,0.00423728813559322
000121,noise_1.0_2,60.72370000765659,144.37939453125,22.537771940712688,0.6337822079658508,485,491,58,36,0.6206896551724138,0.07422680412371134
000161,noise_1.0_2,60.72240002686158,144.37939453125,29.283949597298488,0.7874249815940857,458,486,54,41,0.7592592592592593,0.08951965065502183
000201,noise_1.0_2,82.45810001972131,144.37939453125,25.828876752578033,0.8127803206443787,475,305,72,52,0.7222222222222222,0.10947368421052632
000241,noise_1.0_2,61.13280000863597,144.37939453125,22.36585149346221,0.6439738869667053,481,491,14,4,0.2857142857142857,0.008316008316008316
000281,noise_1.0_2,60.638299997663125,144.37939453125,24.29332051185586,0.7709644436836243,485,308,62,47,0.7580645161290323,0.09690721649484536
000321,noise_1.0_2,63.76580000505783,144.37939453125,20.92505486147676,0.6996902823448181,481,468,48,25,0.5208333333333334,0.05197505197505198
000361,noise_1.0_2,61.776399990776554,144.37939453125,27.705153208702868,0.7531717419624329,480,489,42,14,0.3333333333333333,0.029166666666666667
000401,noise_1.0_2,60.749299998860806,144.37939453125,27.447965661207625,0.6847812533378601,485,500,62,29,0.46774193548387094,0.05979381443298969
000441,noise_1.0_2,60.77509999158792,144.37939453125,18.209661607365394,0.6760872006416321,482,390,43,0,0.0,0.0
000481,noise_1.0_2,60.96470000920817,144.37939453125,27.491985696315787,0.8519332408905029,463,185,43,25,0.5813953488372093,0.05399568034557235
000521,noise_1.0_2,60.99030000041239,144.37939453125,23.236675531911782,0.7879815101623535,489,495,41,16,0.3902439024390244,0.032719836400818
000561,noise_1.0_2,60.85700000403449,144.37939453125,26.02885453501105,0.6522954106330872,481,494,41,27,0.6585365853658537,0.056133056133056136
000601,noise_1.0_2,61.03270000312477,144.37939453125,22.602042269038986,0.6496758460998535,488,497,67,46,0.6865671641791045,0.0942622950819672
000001,restormer_direct,473.2283999910578,676.3828125,22.14067612839173,0.41802552342414856,485,485,2,0,0.0,0.0
000041,restormer_direct,472.6490000030026,676.3828125,27.107259030004528,0.648823082447052,477,492,19,4,0.21052631578947367,0.008385744234800839
000081,restormer_direct,470.43679998023435,676.3828125,30.023189944270825,0.7363198399543762,472,462,0,0,,0.0
000121,restormer_direct,468.19220000179484,676.3828125,17.040290338537783,0.18383252620697021,485,488,1,0,0.0,0.0
000161,restormer_direct,465.72760000708513,676.3828125,21.528057155004824,0.40757784247398376,458,445,2,0,0.0,0.0
000201,restormer_direct,466.32609999505803,676.3828125,16.6171768464639,0.18677878379821777,475,455,6,1,0.16666666666666666,0.002105263157894737
000241,restormer_direct,472.0091999915894,676.3828125,18.50513802025384,0.25792229175567627,481,465,0,0,,0.0
000281,restormer_direct,474.0094000007957,676.3828125,20.816884534107704,0.487212210893631,485,466,11,2,0.18181818181818182,0.004123711340206186
000321,restormer_direct,466.3834999955725,676.3828125,14.364260817129422,0.27228155732154846,481,422,6,0,0.0,0.0
000361,restormer_direct,475.0097000214737,676.3828125,23.07962615218322,0.45398959517478943,480,475,1,0,0.0,0.0
000401,restormer_direct,469.48349999729544,676.3828125,23.212811565863877,0.3636162281036377,485,471,4,0,0.0,0.0
000441,restormer_direct,470.9457000135444,676.3828125,17.45193252691837,0.3270083963871002,482,479,1,0,0.0,0.0
000481,restormer_direct,466.1969000007957,676.3828125,16.222463546579327,0.35034653544425964,463,477,2,0,0.0,0.0
000521,restormer_direct,475.5194000026677,676.3828125,16.25167774169764,0.1928316354751587,489,480,6,0,0.0,0.0
000561,restormer_direct,471.00450002471916,676.3828125,16.152533521346875,0.33535826206207275,481,464,2,0,0.0,0.0
000601,restormer_direct,466.92979999352247,676.3828125,17.94363378998219,0.2264062911272049,488,484,0,0,,0.0
000001,restormer_gamma_bridge,469.70769998733886,676.3828125,21.821014447653507,0.34707626700401306,485,481,1,0,0.0,0.0
000041,restormer_gamma_bridge,469.97959999134764,676.3828125,24.104727903885696,0.49919113516807556,477,485,4,0,0.0,0.0
000081,restormer_gamma_bridge,470.4446000105236,676.3828125,31.172839572847217,0.7106192708015442,472,461,3,0,0.0,0.0
000121,restormer_gamma_bridge,468.8038000022061,676.3828125,16.98688770185435,0.17587114870548248,485,474,1,0,0.0,0.0
000161,restormer_gamma_bridge,469.5724000048358,676.3828125,21.166287265022916,0.33774909377098083,458,469,2,0,0.0,0.0
000201,restormer_gamma_bridge,470.8009000169113,676.3828125,15.355433772872862,0.14212538301944733,475,486,2,0,0.0,0.0
000241,restormer_gamma_bridge,466.640800004825,676.3828125,18.034841465019817,0.22371022403240204,481,477,1,0,0.0,0.0
000281,restormer_gamma_bridge,469.49069999391213,676.3828125,20.44184733203803,0.40552595257759094,485,492,5,0,0.0,0.0
000321,restormer_gamma_bridge,473.41780000715517,676.3828125,14.382090992989374,0.26940152049064636,481,479,4,0,0.0,0.0
000361,restormer_gamma_bridge,470.20720000728033,676.3828125,22.770344924320277,0.38420116901397705,480,474,4,0,0.0,0.0
000401,restormer_gamma_bridge,469.90029999869876,676.3828125,22.104175376026923,0.269625186920166,485,483,1,0,0.0,0.0
000441,restormer_gamma_bridge,474.41940000862814,676.3828125,17.24367614924727,0.31885024905204773,482,471,4,0,0.0,0.0
000481,restormer_gamma_bridge,473.61119999550283,676.3828125,16.205634907636387,0.296220064163208,463,475,2,0,0.0,0.0
000521,restormer_gamma_bridge,471.0083000245504,676.3828125,16.214402829751798,0.19904856383800507,489,484,3,0,0.0,0.0
000561,restormer_gamma_bridge,471.28840000368655,676.3828125,16.419424292481224,0.316364049911499,481,486,3,0,0.0,0.0
000601,restormer_gamma_bridge,471.69779997784644,676.3828125,17.852321996680327,0.2244219332933426,488,477,1,0,0.0,0.0
